{"train/loss": 0.4186, "train/learning_rate": 2.1314387211367677e-06, "train/epoch": 0.5, "train/global_step": 1126, "_timestamp": 1717157110.922349, "_runtime": 6466.310546875, "_step": 112, "train/train_runtime": 6466.3267, "train/train_samples_per_second": 1.393, "train/train_steps_per_second": 0.174, "train/total_flos": 2.146955886278738e+17, "train/train_loss": 0.43731888107042327}