{"train/loss": 0.4897, "train/learning_rate": 0.00011936056838365897, "train/epoch": 0.2, "train/global_step": 460, "_timestamp": 1717153292.3347685, "_runtime": 2647.7229664325714, "_step": 45}